Nombre,Estatus,Diferencia,Tiempo
"BANCOMEXT",false,N/A,04/10/2026 18:14:30
"BANK OF CHINA",false,N/A,04/10/2026 18:14:30
"BARCLAYS",false,N/A,04/10/2026 18:14:30
"CLS",false,N/A,04/10/2026 18:14:30
"COOPDESARROLLO",false,2894 min,04/10/2026 18:14:30
"CRISTOBAL COLON",false,N/A,04/10/2026 18:14:30
"FINAMEX",false,2809 min,04/10/2026 18:14:30
"FONDO (FIRA)",false,N/A,04/10/2026 18:14:30
"HIPOTECARIA FED",false,N/A,04/10/2026 18:14:30
"ICBC",false,N/A,04/10/2026 18:14:30
"INDEVAL",false,1653 min,04/10/2026 18:14:30
"MASARI",false,N/A,04/10/2026 18:14:30
"MIZUHO BANK",false,N/A,04/10/2026 18:14:30
"MUFG",false,N/A,04/10/2026 18:14:30
"NAFIN",false,N/A,04/10/2026 18:14:30
"PPBALANCEMX",false,N/A,04/10/2026 18:14:30
"PROFUTURO",false,2580 min,04/10/2026 18:14:30
"SHINHAN",false,N/A,04/10/2026 18:14:30
"UNAGRA",false,N/A,04/10/2026 18:14:30
"VALMEX",false,N/A,04/10/2026 18:14:30
